genre,tracks,mean_valence_2010,mean_valence_2019,absolute_change,slope_per_year,p_value_across_10_annual_means
club,8497,0.4663493358633776,0.2972331243469174,-0.16911621151646022,-0.020907849440154936,6.35298860670729e-05
indian,8621,0.480592033293698,0.39651796610169493,-0.08407406719200305,-0.008466623244808527,0.002986380988132869
chill,9328,0.48198909899888764,0.40512308478038817,-0.07686601421849948,-0.006344185096216493,0.015710875794721742
comedy,9675,0.5047958380202475,0.4380344792719919,-0.06676135874825562,-0.005526035224857365,0.020390455188035443
emo,8812,0.44766626065773446,0.38786662830840046,-0.059799632349334,-0.007208960928358299,0.002809367359223409
acoustic,9364,0.42798115468409587,0.38099038054968287,-0.046990774134412994,-0.0057218757844415035,0.0009522110427941669
gospel,9140,0.4574436635944701,0.42084004329004326,-0.03660362030442682,-0.004002121377164827,0.0007498394150473533
k-pop,8418,0.5636352258064516,0.5310788288288288,-0.032556396977622803,-0.005752865043781166,0.001462202030405552
black-metal,9459,0.1544769406392694,0.13609338929695697,-0.018383551342312426,-0.0017709866546540896,0.09096538863647
blues,8569,0.5583066062176165,0.5459133410672854,-0.012393265150331123,-0.0044784726751133565,0.028500963437611937
new-age,8734,0.18093264781491003,0.17292388392857141,-0.008008763886338616,-0.00013306704228674548,0.8820981849511708
alt-rock,9104,0.4582726060606061,0.4549642780748663,-0.003308327985739823,-0.00016002066484443586,0.9075191164289084
ambient,8629,0.14321229338842975,0.14782671081677706,0.004614417428347312,-0.0005561305327227172,0.6797896357173575
goth,8121,0.3815770859277709,0.39071666666666666,0.009139580738895758,-0.0005218701207924889,0.8229821398506457
deep-house,8086,0.48029397293972936,0.49082533039647575,0.010531357456746382,0.0005531540366315554,0.6891370082667272
