genre,tracks,mean_valence,mean_energy,mean_danceability,mean_popularity
comedy,9675,0.47701143152454784,0.6567921341602068,0.5812752454780361,12.66687338501292
black-metal,9459,0.1503752616555661,0.8268130074426472,0.2721239877365472,12.659372026641295
acoustic,9364,0.41397716787697564,0.4364200630072619,0.5308926740709099,21.843229389149936
chill,9328,0.42760293739279587,0.569729677315609,0.5992305853344769,30.61899656946827
gospel,9140,0.44778321663019693,0.5828488324945296,0.5020119693654267,20.53347921225383
alt-rock,9104,0.4499817772407733,0.7354648176625659,0.5086231656414762,39.93211775043937
emo,8812,0.40578197911938263,0.7569282383113936,0.4797141965501589,28.592941443486154
new-age,8734,0.17616432333409665,0.22764534475612547,0.3563122738722235,11.927066636134645
ambient,8629,0.15066645961293312,0.24977607902422067,0.3320420558581528,25.574458222273726
indian,8621,0.4469769284305765,0.6161092843057651,0.558067857557128,9.198932838417816
blues,8569,0.5448554557124519,0.6615384992414517,0.5163428288014937,23.441358384875716
club,8497,0.36264894668706604,0.6797520254207368,0.5655479345651406,10.723549488054607
k-pop,8418,0.552046269897838,0.711255642670468,0.6320899263483013,32.70943216916132
goth,8121,0.36569665065878587,0.761002990518409,0.4546418913926856,12.216106390838567
deep-house,8086,0.47409224585703685,0.7135837249567153,0.7489417511748702,20.929013109077417
drum-and-bass,8051,0.3247223202086697,0.8553557322071792,0.55624903738666,10.836169419947833
spanish,7835,0.5201985449904276,0.7060358379068283,0.562986266751755,25.64977664326739
sleep,7815,0.08793112294305822,0.28584588432501595,0.22756518234165068,19.107869481765835
dub,7796,0.3866098255515649,0.7346399563878913,0.6217902385838892,20.0391226269882
heavy-metal,7795,0.36016740218088517,0.890216805644644,0.4167457472738935,4.2243745991019885
forro,7755,0.783732843326886,0.7834406189555126,0.6582145712443584,11.329722759509993
samba,7724,0.6772753883997928,0.6233492490937338,0.6052303210771621,9.046996374935267
country,7697,0.5258493179160711,0.6583970456021827,0.5772832272313889,35.257762764713526
salsa,7659,0.8176347695521609,0.7381142446794621,0.687888497192845,13.943595769682727
dancehall,7596,0.6886550552922591,0.7204851237493418,0.7045264612954186,17.669167983149027
cantopop,7579,0.4080785195936139,0.5154322760654441,0.547145137880987,13.187755640585829
hardstyle,7549,0.2801528016955888,0.9075874950324546,0.5225153000397403,10.9137634123725
hip-hop,7532,0.4713340281465746,0.6588468193043016,0.699679766330324,48.99296335634626
death-metal,7508,0.22116061534363346,0.9381869339371337,0.3699096563665423,21.411561001598294
grindcore,7505,0.19178295802798137,0.9265481678880746,0.27493549633577613,2.584943371085943
french,7499,0.43477086278170424,0.5742178123749833,0.6015580077343645,30.88651820242699
classical,7446,0.23268777867311308,0.22132186569970455,0.3285899811979586,26.16733816814397
minimal-techno,7424,0.2881298895474138,0.7012561557112068,0.73628125,9.575700431034482
afrobeat,7379,0.7018868139314269,0.6997099878032254,0.6469440303564169,7.6087545737904865
guitar,7373,0.407697897734979,0.321600199782992,0.48862041231520414,10.596229485962295
sertanejo,7360,0.6501072554347825,0.7149475543478261,0.6180115489130434,22.42391304347826
power-pop,7346,0.5731486251020964,0.7834316096106725,0.4534743261638987,4.618295671113531
garage,7236,0.5002258568269763,0.734310461580984,0.4504400359314539,22.920121614151466
folk,7210,0.4159463384188627,0.4695516740638003,0.5239307350901525,36.2130374479889
disco,7143,0.6427284474310513,0.7285438611227776,0.6979965000699986,20.85342293154137
pop-film,7133,0.5823971540726203,0.6254490677134446,0.6081546333940838,20.9198093368849
dance,7124,0.4895510387422796,0.7282024705221786,0.6492598259404829,47.04533969679955
industrial,7109,0.37400315093543396,0.8125285936418625,0.5098364889576593,12.826276550851034
german,7072,0.3878041430995475,0.6221256966911765,0.5174213376696832,27.78322963800905
opera,6785,0.21162754605747974,0.2604890191599116,0.3115289609432572,8.462343404568902
rock-n-roll,6777,0.6761299247454625,0.5807496178249962,0.5376252028921351,8.32846392208942
hardcore,6700,0.38016947761194025,0.8770546698955224,0.43255646268656717,25.688805970149254
jazz,6652,0.4800398677089597,0.4506622143716176,0.5756070204449789,30.828171978352376
tango,6611,0.5965112690969596,0.3072305702616851,0.5602417183482075,2.72167599455453
funk,6581,0.6069150433064884,0.6902862330952743,0.6499600364686218,26.736058349794863
breakbeat,6313,0.47330926659274514,0.8496245841913512,0.6794912086171392,3.7188341517503565
ska,6277,0.6597181456109606,0.8195031065795761,0.5442837342679624,15.118687270989327
singer-songwriter,6228,0.40885170199100834,0.4369969829800899,0.5261438664097624,24.06101477199743
hard-rock,5998,0.41716177059019677,0.8521090363454484,0.42772012337445814,21.728909636545517
piano,5979,0.3016936276969393,0.2871316215086135,0.46300675698277305,21.706974410436526
groove,5924,0.4395204422687373,0.7767736664415936,0.6045637407157326,13.416610398379474
show-tunes,5830,0.3558566723842196,0.38996270668953686,0.451807512864494,11.382161234991424
trip-hop,5507,0.452309260940621,0.6362104290902488,0.6332242600326857,6.30325040857091
edm,5205,0.375204553314121,0.7756740826128723,0.6315709894332373,32.05129682997118
psych-rock,4799,0.48063271514898936,0.6124632569285268,0.4560517191081475,17.89581162742238
progressive-house,4675,0.31346064171122995,0.8074648128342247,0.6211822459893048,19.906096256684492
swedish,4648,0.4470013984509466,0.6922614896729776,0.5320022590361446,21.936962134251292
electronic,4352,0.3769553538602941,0.6705812982536765,0.6286961856617647,28.18129595588235
party,3988,0.6872569709127382,0.7770926730190572,0.7041351554663992,10.417753259779339
soul,3972,0.46771160624370595,0.5549924974823766,0.6220360020140987,32.35322255790534
electro,3928,0.4459141038696538,0.6513797097759674,0.6356838085539714,40.08223014256619
indie-pop,3787,0.4514324003168735,0.582917708370742,0.561268022181146,42.78003696857671
metal,3772,0.337198401378579,0.8923014581124072,0.4310380434782609,39.209172852598094
trance,3351,0.2796848403461653,0.8331759065950463,0.5599823933154282,19.231572664876158
sad,3230,0.6571563157894736,0.5832057275541795,0.6738399380804954,27.893188854489164
techno,3067,0.34228004564721226,0.7537267362243235,0.6607986957939355,17.672970329312033
chicago-house,3015,0.5586358208955224,0.7435038142620233,0.7775970149253731,2.8311774461028194
romance,2921,0.3950045532351934,0.3206440602533379,0.4355868538171859,0.9804861348853132
punk,2756,0.5249289912917272,0.8304894775036286,0.48270986937590715,32.457910014513786
metalcore,2652,0.2829559577677225,0.9224660633484163,0.41135554298642535,21.938536953242835
dubstep,2644,0.34304962178517395,0.7727413010590015,0.6398608169440242,4.494704992435704
punk-rock,2615,0.5101805736137668,0.7963076864244741,0.46994546845124285,20.133078393881455
pop,2453,0.45182861801875257,0.6042838157358337,0.587540562576437,59.09457806767224
detroit-techno,2178,0.43585215794306703,0.7326680440771349,0.734583103764922,2.7768595041322315
house,1508,0.4378756631299735,0.7347141909814324,0.6717481432360743,36.07824933687002
rock,1489,0.4931012088650101,0.6830083948959033,0.5667743451981195,49.12625923438549
songwriter,16,0.41081875,0.50179375,0.5308125,19.9375
