year,genre,tracks,mean_valence,mean_energy,mean_danceability,mean_popularity
2010,acoustic,918,0.42798115468409587,0.46951884531590415,0.5392298474945534,16.34640522875817
2010,afrobeat,623,0.7388,0.6905341894060996,0.6455008025682183,5.730337078651686
2010,alt-rock,825,0.4582726060606061,0.7444381818181819,0.49586545454545455,36.02787878787879
2010,ambient,968,0.14321229338842975,0.28549899586776856,0.32931497933884296,16.225206611570247
2010,black-metal,876,0.1544769406392694,0.8193946347031964,0.2605147260273973,9.100456621004566
2010,blues,772,0.5583066062176165,0.6766059585492228,0.5098225388601036,19.971502590673577
2010,breakbeat,553,0.505778842676311,0.8279584086799276,0.6727323688969259,3.2278481012658227
2010,cantopop,492,0.4496091463414634,0.5694989837398373,0.5680914634146341,12.487804878048781
2010,chicago-house,252,0.5745126984126984,0.7329920634920635,0.7727936507936508,2.246031746031746
2010,chill,899,0.48198909899888764,0.6517030033370411,0.5581503893214683,18.7174638487208
2010,classical,763,0.2600415465268676,0.23602010353866318,0.32457824377457406,23.85583224115334
2010,club,527,0.4663493358633776,0.5729688804554081,0.5432648956356736,4.7685009487666035
2010,comedy,889,0.5047958380202475,0.679113948256468,0.5747289088863893,8.431946006749156
2010,country,716,0.5361745810055866,0.6315199720670391,0.5706885474860335,30.45949720670391
2010,dance,678,0.5248520648967552,0.7556120943952802,0.63776401179941,43.07817109144543
2010,dancehall,762,0.6985170603674541,0.7123044619422572,0.6950433070866142,10.518372703412073
2010,death-metal,834,0.22857997601918467,0.9325563549160671,0.3629441247002398,17.744604316546763
2010,deep-house,813,0.48029397293972936,0.7002865928659286,0.7626605166051661,6.934809348093481
2010,detroit-techno,140,0.4124192857142857,0.7118,0.7536071428571428,0.9071428571428571
2010,disco,708,0.6858151129943503,0.7050296610169492,0.6899618644067796,15.416666666666666
2010,drum-and-bass,761,0.3808321944809462,0.8631064388961892,0.5597056504599212,6.349540078843627
2010,dub,716,0.5094804469273743,0.630197625698324,0.678383659217877,11.100558659217876
2010,dubstep,511,0.4376835616438356,0.7415753424657534,0.718587084148728,0.2602739726027397
2010,edm,562,0.3657608540925267,0.7745444839857651,0.6555996441281139,15.238434163701067
2010,electro,492,0.5082991869918699,0.7048414634146342,0.641229674796748,31.650406504065042
2010,electronic,335,0.4523017910447761,0.6664086865671642,0.6381164179104478,16.83283582089552
2010,emo,821,0.44766626065773446,0.8280657734470158,0.4298587088915956,20.02557856272838
2010,folk,686,0.4770969387755102,0.462901749271137,0.5133865889212827,29.317784256559765
2010,french,792,0.4568925505050505,0.5194769696969698,0.542582196969697,21.886363636363637
2010,funk,549,0.6257648451730419,0.6965566484517305,0.6372987249544627,17.947176684881605
2010,garage,632,0.5049444620253165,0.7623196202531646,0.44100585443037976,12.544303797468354
2010,german,608,0.36902401315789474,0.5638207713815789,0.4616967105263157,21.99342105263158
2010,gospel,868,0.4574436635944701,0.5750919354838709,0.5060023041474654,16.407834101382488
2010,goth,803,0.3815770859277709,0.7453711083437111,0.4563285180572852,8.24906600249066
2010,grindcore,639,0.1868397496087637,0.9131424100156496,0.2729051643192488,1.9655712050078247
2010,groove,601,0.40295457570715476,0.7980149750415972,0.5312735440931781,6.640599001663894
2010,guitar,706,0.4396963172804532,0.364261388101983,0.4710842776203966,6.8456090651558075
2010,hard-rock,498,0.4281078313253012,0.8743152610441767,0.42949136546184735,21.616465863453815
2010,hardcore,627,0.39332775119617225,0.8754022456140351,0.42269027113237634,22.362041467304625
2010,hardstyle,764,0.2647488219895288,0.8892748691099476,0.5928992146596859,6.886125654450262
2010,heavy-metal,713,0.361202664796634,0.8890238429172511,0.40280336605890604,3.2692847124824684
2010,hip-hop,564,0.5897200354609929,0.7331666666666667,0.6812978723404256,42.1790780141844
2010,house,254,0.47081417322834646,0.7659291338582677,0.6542559055118111,26.75984251968504
2010,indian,841,0.480592033293698,0.642177003567182,0.5219167657550535,4.355529131985731
2010,indie-pop,314,0.4901519108280255,0.6271853184713376,0.5414433121019109,31.00955414012739
2010,industrial,609,0.42158834154351393,0.8481507389162563,0.5218303776683086,10.075533661740558
2010,jazz,611,0.5030409165302783,0.4715818657937807,0.5723306055646481,27.060556464811786
2010,k-pop,775,0.5636352258064516,0.6872878709677419,0.6051019354838709,22.947096774193547
2010,metal,359,0.3522958217270195,0.8724066852367689,0.4137178272980501,39.34261838440111
2010,metalcore,171,0.30460409356725143,0.9021345029239766,0.39115789473684215,19.34502923976608
2010,minimal-techno,728,0.31267829670329667,0.6865027472527473,0.7639175824175825,3.67032967032967
2010,new-age,778,0.18093264781491003,0.2774684061696658,0.34604691516709507,10.73650385604113
2010,opera,618,0.22023851132686087,0.22923276699029127,0.31513899676375406,5.933656957928803
2010,party,252,0.724356746031746,0.7559285714285714,0.7347261904761905,8.511904761904763
2010,piano,520,0.36506961538461535,0.4121726192307692,0.4685019230769231,13.503846153846155
2010,pop,210,0.5343585714285715,0.6537380952380952,0.5875380952380952,53.56190476190476
2010,pop-film,797,0.6083557089084065,0.6410288582183187,0.6108983688833125,12.40276035131744
2010,power-pop,788,0.5848601522842639,0.8008502538071066,0.45362322335025385,3.8439086294416245
2010,progressive-house,355,0.37772338028169017,0.7848873239436619,0.6525690140845071,8.971830985915492
2010,psych-rock,449,0.4942786191536749,0.6926320712694878,0.42628351893095767,11.287305122494432
2010,punk,245,0.5892644897959184,0.8484816326530612,0.4865061224489796,28.96734693877551
2010,punk-rock,187,0.5415866310160428,0.8000106951871658,0.44280213903743315,19.080213903743317
2010,rock-n-roll,614,0.6943620521172639,0.5978931596091205,0.5616498371335505,6.368078175895765
2010,romance,125,0.37059519999999996,0.36000400000000005,0.382216,2.648
2010,sad,72,0.6491805555555555,0.6960833333333334,0.6948194444444444,16.75
2010,salsa,632,0.8177531645569621,0.7207848101265822,0.6812373417721519,11.957278481012658
2010,samba,872,0.7049990825688073,0.6391151376146789,0.5936754587155962,5.856651376146789
2010,sertanejo,720,0.6592408333333333,0.6745055555555556,0.6119847222222222,14.115277777777777
2010,show-tunes,372,0.35478198924731186,0.3325938172043011,0.4485766129032258,7.940860215053763
2010,singer-songwriter,628,0.43516082802547773,0.4567022292993631,0.5204363057324841,17.194267515923567
2010,ska,573,0.6919973821989529,0.8098499127399651,0.5458446771378709,13.914485165794066
2010,sleep,868,0.13226611175115208,0.27439108801843315,0.24452361751152074,13.43663594470046
2010,soul,361,0.5360997229916897,0.5875138504155125,0.6156038781163435,22.454293628808863
2010,spanish,833,0.5567625450180073,0.7304145258103241,0.5543967587034814,18.20888355342137
2010,swedish,471,0.4836070063694267,0.7306040339702761,0.5053970276008493,18.745222929936304
2010,tango,605,0.6265504132231404,0.30783239669421486,0.5799123966942148,3.5272727272727273
2010,techno,350,0.4010254285714286,0.8168405714285715,0.6713771428571429,10.174285714285714
2010,trance,202,0.3529564356435644,0.8510742574257426,0.5439306930693069,16.668316831683168
2010,trip-hop,453,0.4943158940397351,0.6642604856512142,0.642907284768212,4.730684326710817
2011,acoustic,871,0.4388978185993111,0.4478575430539609,0.5335568312284731,19.003444316877154
2011,afrobeat,475,0.7041932631578948,0.6901467368421053,0.6381242105263157,6.949473684210527
2011,alt-rock,836,0.4467361244019139,0.7468769138755981,0.49799282296650715,38.32177033492823
2011,black-metal,874,0.15977791762013732,0.8419324794050342,0.27120080091533183,10.820366132723112
2011,blues,762,0.5822395013123359,0.6701755905511811,0.510514435695538,21.791338582677167
2011,breakbeat,521,0.4774387715930902,0.8373685220729367,0.6795681381957773,3.4030710172744723
2011,cantopop,527,0.41181954459203035,0.5316111954459204,0.5482049335863377,11.462998102466793
2011,chicago-house,233,0.5543493562231759,0.7343304721030043,0.7674592274678113,2.944206008583691
2011,chill,897,0.4597797101449275,0.6642496098104794,0.5543266443701226,24.13377926421405
2011,classical,798,0.23043370927318296,0.22787969172932332,0.3161185463659148,25.26691729323308
2011,club,673,0.4745952451708767,0.6243380386329866,0.5741860326894502,2.0624071322436848
2011,comedy,962,0.5105799376299377,0.687258212058212,0.5807505197505197,15.385654885654885
2011,country,778,0.5348890745501286,0.6408202570694087,0.5702750642673522,29.597686375321338
2011,dance,668,0.5322820359281437,0.7614577844311378,0.6362634730538922,41.59730538922156
2011,dancehall,719,0.7286481223922114,0.7163115438108484,0.6979554937413074,14.486787204450627
2011,death-metal,786,0.2290319338422392,0.9414529262086514,0.38086704834605595,20.05852417302799
2011,deep-house,862,0.48301890951276105,0.6801879350348028,0.7582424593967517,11.838747099767982
2011,detroit-techno,194,0.41058969072164947,0.7318350515463917,0.7434948453608248,2.8608247422680413
2011,disco,631,0.6863912836767037,0.7424405705229794,0.6872884310618066,16.86529318541997
2011,drum-and-bass,738,0.3501909214092141,0.8355962059620595,0.5534214092140921,5.853658536585366
2011,dub,674,0.5028817507418397,0.6544020771513354,0.6763550445103858,13.658753709198812
2011,dubstep,478,0.4037560669456067,0.7469309623430963,0.6950836820083682,1.3535564853556485
2011,edm,562,0.3815604982206406,0.7780035587188612,0.6415017793594306,19.430604982206404
2011,electro,417,0.4848093525179856,0.677378417266187,0.6256163069544365,31.88968824940048
2011,electronic,328,0.41926768292682925,0.6556804878048781,0.6087737804878048,20.58231707317073
2011,emo,799,0.4329877346683354,0.8200693366708386,0.43251314142678343,21.81351689612015
2011,folk,607,0.43462224052718285,0.4877891268533773,0.5084563426688632,31.762767710049424
2011,forro,818,0.8231273838630807,0.8237897310513448,0.6618447432762836,6.121026894865525
2011,french,798,0.46819887218045114,0.5296445426065163,0.5526105263157894,24.284461152882205
2011,funk,531,0.62059868173258,0.7193408662900189,0.6171506591337099,22.606403013182675
2011,garage,682,0.5009960410557185,0.7859178885630498,0.43539340175953084,16.734604105571847
2011,german,575,0.41148226086956524,0.5941307965217391,0.4784671304347826,22.292173913043477
2011,gospel,822,0.4580029197080292,0.5666227493917275,0.5012883211678832,18.009732360097324
2011,goth,738,0.3896535230352304,0.7824476964769648,0.4645719512195122,13.154471544715447
2011,grindcore,732,0.16007745901639345,0.9413838797814207,0.26486502732240436,3.398907103825137
2011,groove,455,0.42511824175824175,0.7386758241758242,0.5835648351648351,6.747252747252747
2011,guitar,740,0.432630945945946,0.3161596891891892,0.4971378378378378,9.268918918918919
2011,hard-rock,477,0.4022211740041929,0.868601677148847,0.40905660377358494,18.88050314465409
2011,hardcore,583,0.40050960548885073,0.8848833619210976,0.4318459691252144,22.653516295025728
2011,hardstyle,633,0.2828605055292259,0.9074849921011058,0.5621074249605056,6.911532385466034
2011,heavy-metal,700,0.33092957142857143,0.8872185714285714,0.3918601428571428,4.5442857142857145
2011,hip-hop,640,0.508468125,0.7212468750000001,0.6309609375,41.5890625
2011,house,186,0.5167440860215053,0.7801129032258064,0.6612752688172043,28.5752688172043
2011,indian,802,0.47927518703241895,0.613665710723192,0.5581995012468828,6.600997506234414
2011,indie-pop,263,0.4691908745247148,0.6059836501901141,0.5412243346007605,33.874524714828894
2011,industrial,664,0.3929807228915662,0.8007596385542168,0.5014993975903614,10.897590361445783
2011,jazz,580,0.4715170689655172,0.4379406896551724,0.5477220689655172,25.801724137931036
2011,k-pop,773,0.5800164294954723,0.7023296248382924,0.6275381630012936,24.491591203104786
2011,metal,224,0.3261871428571429,0.8941839285714286,0.38330580357142857,37.75892857142857
2011,metalcore,217,0.29268341013824883,0.9313364055299539,0.3806359447004608,20.359447004608295
2011,minimal-techno,641,0.3151778471138845,0.6807441497659907,0.7511154446177848,5.528861154446178
2011,new-age,731,0.17450848153214776,0.19964779753761971,0.3480266757865937,11.102599179206566
2011,opera,587,0.1966741056218058,0.250004727427598,0.30495144804088586,8.296422487223168
2011,party,414,0.7239444444444445,0.7156956521739131,0.7153671497584541,7.099033816425121
2011,piano,444,0.38208018018018014,0.40609283783783784,0.4605351351351351,13.664414414414415
2011,pop,239,0.4673485355648535,0.6280104602510461,0.5637154811715481,53.8326359832636
2011,pop-film,772,0.6010142487046632,0.6290742227979275,0.6289067357512954,13.510362694300518
2011,power-pop,794,0.5936428211586902,0.779039146347607,0.4681727959697733,3.3916876574307304
2011,progressive-house,427,0.3397990632318501,0.7650210772833723,0.6522646370023419,9.660421545667447
2011,psych-rock,535,0.5409190654205608,0.5968685981308411,0.4945831775700934,14.078504672897196
2011,punk,251,0.5111127490039841,0.8485059760956175,0.45901992031872507,29.681274900398407
2011,punk-rock,228,0.5559785087719298,0.8345043859649123,0.466275,21.140350877192983
2011,rock,143,0.5309230769230769,0.6824125874125874,0.5724965034965035,46.97202797202797
2011,rock-n-roll,656,0.7006875,0.607052743902439,0.5274634146341464,6.1051829268292686
2011,romance,243,0.4549683127572016,0.340820987654321,0.4550452674897119,0.691358024691358
2011,sad,16,0.79075,0.5508125,0.692125,11.8125
2011,salsa,773,0.8115743855109961,0.7292406209573091,0.6918551099611902,6.829236739974127
2011,samba,785,0.6841109554140128,0.5975763057324841,0.6161248407643313,6.3719745222929935
2011,sertanejo,663,0.6861870286576169,0.7285822021116138,0.6332880844645551,12.927601809954751
2011,show-tunes,622,0.36982202572347267,0.38573906752411574,0.4607217041800643,8.827974276527332
2011,singer-songwriter,579,0.4714946459412781,0.45539360967184805,0.5461727115716752,18.098445595854923
2011,ska,556,0.6680580935251799,0.8338309352517986,0.5380287769784172,13.651079136690647
2011,sleep,849,0.10849832744405183,0.24100494652532392,0.25276819787985866,15.315665488810366
2011,songwriter,1,0.0748,0.191,0.581,7.0
2011,soul,367,0.505383378746594,0.5962566757493188,0.5961743869209809,25.852861035422343
2011,spanish,782,0.5304709718670076,0.6811060869565218,0.541338874680307,20.271099744245525
2011,swedish,464,0.5103310344827586,0.7268857112068965,0.5078644396551725,17.25646551724138
2011,tango,568,0.6121955985915493,0.23629911971830989,0.5689031690140846,1.8433098591549295
2011,techno,294,0.3700384353741497,0.7658469387755101,0.6373421768707483,12.180272108843537
2011,trance,239,0.279152719665272,0.780709050209205,0.5532301255230125,15.615062761506277
2011,trip-hop,478,0.46676945606694564,0.6585785209205021,0.6354518828451883,4.046025104602511
2012,acoustic,968,0.41839111570247933,0.48092661157024796,0.5321973140495868,16.425619834710744
2012,afrobeat,802,0.6895972568578553,0.7070685785536159,0.6370336658354114,7.657107231920199
2012,alt-rock,954,0.4580736897274633,0.7557568134171907,0.5046121593291404,37.63312368972746
2012,ambient,981,0.155293251783894,0.272237004077472,0.33388929663608563,22.34658511722732
2012,black-metal,985,0.16846406091370558,0.8324376145177665,0.2805207106598985,11.436548223350254
2012,blues,909,0.5579954895489548,0.6508602860286028,0.5093488448844885,20.976897689768975
2012,breakbeat,799,0.46340813516896123,0.8155882352941176,0.6631414267834794,4.439299123904881
2012,cantopop,934,0.4198536402569593,0.5154905781584582,0.558956102783726,9.709850107066382
2012,chicago-house,244,0.5943475409836065,0.7234426229508197,0.7742418032786885,1.6680327868852458
2012,chill,944,0.4193550847457627,0.6775989406779661,0.5527754237288136,23.04237288135593
2012,classical,805,0.20320024844720497,0.22554128695652173,0.3136095652173913,23.27577639751553
2012,club,921,0.4170590662323561,0.6527416938110749,0.5464605863192182,13.110749185667752
2012,comedy,979,0.48484208375893767,0.6141875383043922,0.5918692543411646,12.166496424923391
2012,country,879,0.5253835039817975,0.6487630261660978,0.5705346985210467,28.582480091012513
2012,dance,786,0.5202360050890585,0.7518575063613232,0.6451348600508906,43.76081424936387
2012,dancehall,900,0.7176088888888889,0.6972422222222222,0.7095577777777777,13.862222222222222
2012,death-metal,885,0.2210040677966102,0.9450926553672316,0.36593446327683615,21.1819209039548
2012,deep-house,917,0.4538420937840785,0.6815768811341331,0.7491145038167939,14.479825517993456
2012,detroit-techno,119,0.42111008403361344,0.7356386554621849,0.7274285714285715,2.3445378151260505
2012,disco,756,0.6613665343915345,0.7150185185185185,0.693399470899471,16.566137566137566
2012,drum-and-bass,834,0.3252196642685851,0.8502865707434053,0.5478429256594725,7.7541966426858515
2012,dub,700,0.5082300000000001,0.6615541428571429,0.6725842857142857,17.475714285714286
2012,dubstep,490,0.30106714285714287,0.7614857142857142,0.6221204081632653,2.9346938775510205
2012,edm,510,0.37341,0.7859392156862746,0.6175843137254903,24.641176470588235
2012,electro,385,0.5003605194805195,0.7128467532467533,0.6341194805194805,34.56883116883117
2012,electronic,421,0.41955296912114015,0.6872850356294536,0.6090071258907364,21.40855106888361
2012,emo,933,0.4414421221864952,0.809875991425509,0.4270596998928189,18.573419078242228
2012,folk,706,0.44170495750708216,0.48877660056657224,0.5186048158640226,33.11473087818697
2012,forro,921,0.805971769815418,0.7813908794788273,0.6555917480998914,7.387622149837133
2012,french,759,0.42195125164690384,0.5946987220026351,0.533523583662714,22.862977602108035
2012,funk,629,0.6012225755166931,0.6947128775834658,0.6224944356120826,20.610492845786965
2012,garage,741,0.4927973009446694,0.7661889338731444,0.42421592442645073,15.960863697705802
2012,german,788,0.4023808375634518,0.6171231218274111,0.47713756345177666,23.439086294416242
2012,gospel,949,0.46350389884088516,0.5837027397260274,0.49522655426765017,20.698630136986303
2012,goth,808,0.35390940594059406,0.7557592821782179,0.4500881188118812,10.361386138613861
2012,grindcore,854,0.20196077283372366,0.9362353629976581,0.2689115925058548,2.8911007025761126
2012,groove,713,0.43558625525946704,0.7676886395511922,0.5705061711079944,5.730715287517532
2012,guitar,818,0.4087376528117359,0.3638288753056235,0.4735909535452323,7.561124694376528
2012,hard-rock,545,0.40950000000000003,0.8638275229357798,0.42157431192660555,19.75229357798165
2012,hardcore,584,0.37655222602739724,0.8847106164383562,0.4120897260273973,23.13013698630137
2012,hardstyle,803,0.3063865504358655,0.903428393524284,0.551439601494396,6.276463262764633
2012,heavy-metal,711,0.33954275668073136,0.8720998593530239,0.42410759493670885,3.181434599156118
2012,hip-hop,661,0.5106977307110439,0.7216611195158851,0.6485068078668684,43.470499243570345
2012,house,144,0.43654652777777775,0.7434930555555556,0.6558472222222221,27.15972222222222
2012,indian,875,0.4944098285714286,0.652290057142857,0.5543963428571429,5.726857142857143
2012,indie-pop,401,0.43153915211970073,0.590759280798005,0.5356059850374064,37.18453865336658
2012,industrial,660,0.36174666666666666,0.8094155378787878,0.5089919696969697,10.19848484848485
2012,jazz,678,0.49131445427728615,0.4698440855457227,0.5712610619469026,27.029498525073745
2012,k-pop,890,0.563954382022472,0.7231744943820225,0.6287808988764045,25.302247191011237
2012,metal,340,0.3342920588235294,0.8872823529411764,0.43375294117647056,37.84117647058824
2012,metalcore,259,0.25236023166023164,0.9287413127413127,0.3850648648648649,17.586872586872587
2012,minimal-techno,746,0.30540857908847185,0.6818152815013405,0.7523927613941018,5.304289544235925
2012,new-age,940,0.1725031914893617,0.21028197127659576,0.35114893617021276,12.759574468085106
2012,opera,674,0.19493189910979228,0.24521323442136497,0.30272106824925815,9.719584569732937
2012,party,545,0.7316801834862385,0.7411376146788992,0.7133284403669725,7.6
2012,piano,460,0.38455413043478265,0.41860686956521737,0.48229782608695654,16.43913043478261
2012,pop,294,0.4765700680272109,0.668248299319728,0.5736496598639456,54.37755102040816
2012,pop-film,802,0.6097977556109726,0.6258709476309228,0.6128628428927682,16.51496259351621
2012,power-pop,846,0.573354255319149,0.7710602836879433,0.46375165484633574,3.395981087470449
2012,progressive-house,429,0.3301848484848485,0.7898438228438229,0.6337855477855479,12.445221445221446
2012,psych-rock,499,0.5185160320641283,0.6119054108216433,0.45424849699398795,16.120240480961925
2012,punk,332,0.5529084337349397,0.8534789156626507,0.49069006024096384,29.003012048192772
2012,punk-rock,245,0.49304979591836734,0.7934310204081633,0.44546938775510203,16.959183673469386
2012,rock,191,0.48367905759162305,0.6666340314136125,0.5721151832460734,46.64921465968586
2012,rock-n-roll,720,0.7115438888888889,0.6414179166666667,0.5283722222222222,6.729166666666667
2012,romance,314,0.41467643312101915,0.2819812101910828,0.46482802547770696,0.5668789808917197
2012,sad,64,0.902578125,0.75025,0.723359375,33.40625
2012,salsa,965,0.8293336787564767,0.7274155440414508,0.6695668393782382,9.547150259067358
2012,samba,897,0.6583934225195095,0.6306064659977704,0.6028049052396879,9.508361204013378
2012,sertanejo,864,0.6589456018518518,0.729642361111111,0.6108969907407408,18.087962962962962
2012,show-tunes,716,0.3420569832402235,0.3735240223463687,0.45573617318435755,10.339385474860336
2012,singer-songwriter,694,0.4146253602305475,0.4468928818443804,0.5203270893371759,19.655619596541786
2012,ska,728,0.6874923076923076,0.8186277472527472,0.5523804945054945,13.29532967032967
2012,sleep,899,0.07995952169076752,0.31632422947719685,0.22479733036707453,15.38820912124583
2012,songwriter,1,0.277,0.443,0.332,9.0
2012,soul,408,0.49917279411764703,0.590764705882353,0.5745980392156863,23.502450980392158
2012,spanish,890,0.5098770786516854,0.7041920224719102,0.5519703370786517,20.764044943820224
2012,swedish,553,0.474919349005425,0.7006292405063291,0.5202368896925859,16.924050632911392
2012,tango,815,0.5600503067484662,0.3013496932515337,0.5441411042944786,1.958282208588957
2012,techno,293,0.40303003412969285,0.7538498293515358,0.6391569965870307,14.488054607508532
2012,trance,314,0.29598343949044587,0.8377388535031848,0.5380414012738853,14.535031847133759
2012,trip-hop,682,0.45649017595307917,0.6472043988269794,0.6347932551319648,5.2595307917888565
2013,acoustic,940,0.4382909574468085,0.49761344680851066,0.519713829787234,18.687234042553193
2013,afrobeat,660,0.7220924242424243,0.694485303030303,0.6753681818181818,4.763636363636364
2013,alt-rock,902,0.4270958980044346,0.7503389135254989,0.49146152993348113,37.95676274944567
2013,ambient,946,0.16462241014799153,0.2994182484143763,0.35039196617336155,22.764270613107822
2013,black-metal,923,0.14521419284940412,0.8365257854821235,0.28012177681473455,10.487540628385698
2013,blues,932,0.5610358369098712,0.6688469957081545,0.514769313304721,20.19098712446352
2013,breakbeat,681,0.4746032305433186,0.8473289280469897,0.6711850220264317,2.0190895741556534
2013,cantopop,869,0.39954476409666284,0.49206800920598387,0.5486962025316455,16.550057537399308
2013,chicago-house,244,0.5500504098360656,0.7395327868852459,0.7824262295081967,2.831967213114754
2013,chill,888,0.4253621621621622,0.6178111486486487,0.5750402027027027,26.1722972972973
2013,classical,814,0.23627248157248157,0.19001388083538084,0.32467788697788696,24.475429975429975
2013,club,836,0.40516901913875597,0.6660747607655502,0.5428071770334928,6.180622009569378
2013,comedy,967,0.46819348500517066,0.7177495346432264,0.570918304033092,15.559462254395036
2013,country,870,0.555776091954023,0.654563448275862,0.5815954022988505,31.82183908045977
2013,dance,766,0.49274020887728465,0.7495608355091383,0.6382571801566579,42.0378590078329
2013,dancehall,845,0.705927573964497,0.7257881656804734,0.6961396449704143,14.215384615384615
2013,death-metal,861,0.22772020905923346,0.9432078977932636,0.36998176538908245,19.829268292682926
2013,deep-house,918,0.47750631808278865,0.6804629629629629,0.76039651416122,17.28213507625272
2013,detroit-techno,210,0.4352042857142857,0.7087190476190476,0.725604761904762,4.7
2013,disco,674,0.6481602373887241,0.7480623145400593,0.6850994065281899,17.100890207715132
2013,drum-and-bass,812,0.3498687192118226,0.8501896551724138,0.5521933497536946,10.692118226600986
2013,dub,702,0.41943803418803416,0.7079558404558405,0.6443091168091168,16.524216524216524
2013,dubstep,321,0.309483800623053,0.7835700934579439,0.5916666666666667,3.987538940809969
2013,edm,486,0.35726028806584365,0.7977427983539094,0.6331769547325102,26.244855967078188
2013,electro,431,0.4536322505800464,0.6842389791183294,0.6416171693735498,37.74013921113689
2013,electronic,373,0.39137345844504023,0.6505694369973191,0.6279061662198392,25.324396782841823
2013,emo,894,0.40378210290827743,0.8137541387024609,0.42262863534675615,27.317673378076062
2013,folk,697,0.4383281205164993,0.47059842180774747,0.5258892395982784,33.913916786226686
2013,forro,924,0.792116883116883,0.7813073593073593,0.6383051948051948,6.457792207792208
2013,french,755,0.48211271523178806,0.5881267947019868,0.5750135099337749,27.103311258278147
2013,funk,653,0.6035808575803981,0.6631617151607964,0.6481516079632466,23.136294027565086
2013,garage,688,0.5033146802325582,0.7560276162790699,0.4215300872093023,21.63081395348837
2013,german,664,0.38089819277108433,0.6078412951807229,0.49254653614457833,24.31024096385542
2013,gospel,930,0.454507311827957,0.5629243010752688,0.4949855913978494,18.813978494623655
2013,goth,791,0.3474652338811631,0.7655204804045512,0.44318116308470296,12.642225031605562
2013,grindcore,823,0.18436379100850547,0.9200121506682867,0.27946998784933175,3.2308626974483596
2013,groove,640,0.3768021875,0.8048437500000001,0.5199067187499999,11.0671875
2013,guitar,838,0.44299081145584723,0.2915363245823389,0.49096443914081145,8.1145584725537
2013,hard-rock,593,0.3917467116357504,0.8611652613827994,0.41923760539629007,21.45362563237774
2013,hardcore,607,0.3891517298187809,0.8784118616144976,0.43955123558484344,23.950576606260295
2013,hardstyle,726,0.2850922865013774,0.9140399449035812,0.518267217630854,5.101928374655647
2013,heavy-metal,841,0.3674910820451843,0.8919001189060641,0.4313519619500594,4.185493460166469
2013,hip-hop,750,0.4745774666666667,0.6882013333333332,0.6714013333333333,44.40133333333333
2013,house,163,0.4358368098159509,0.7431656441717791,0.660319018404908,32.87116564417178
2013,indian,892,0.4509707399103139,0.6159311098654708,0.5614338565022421,6.75896860986547
2013,indie-pop,346,0.4728118497109826,0.6374852601156069,0.5613410404624277,38.6878612716763
2013,industrial,597,0.3845284757118928,0.8099856284757119,0.5025417085427136,13.051926298157454
2013,jazz,590,0.4957991525423729,0.4930422033898305,0.5846835593220339,28.01186440677966
2013,k-pop,805,0.5799978881987577,0.7333740372670807,0.6392745341614907,28.182608695652174
2013,metal,357,0.3352403361344538,0.91533081232493,0.41788123249299725,37.97198879551821
2013,metalcore,231,0.27521645021645025,0.9321515151515152,0.3981774891774892,22.441558441558442
2013,minimal-techno,644,0.2955740683229814,0.6953959627329193,0.7396816770186335,7.357142857142857
2013,new-age,940,0.18266989361702127,0.22086022127659574,0.362338085106383,13.380851063829788
2013,opera,653,0.18883154670750382,0.2631630627871363,0.30254042879019905,8.344563552833078
2013,party,350,0.6952114285714286,0.7774628571428572,0.7193171428571429,8.954285714285714
2013,piano,516,0.3619872093023256,0.39194282945736436,0.4536238372093023,15.755813953488373
2013,pop,246,0.43467926829268294,0.6122065040650406,0.5740447154471545,55.58536585365854
2013,pop-film,787,0.6059917407878018,0.6418983481575603,0.6269720457433291,25.59720457433291
2013,power-pop,902,0.5620366962305987,0.7788333702882483,0.44285033259423506,3.443458980044346
2013,progressive-house,497,0.3085197183098592,0.8018350100603622,0.6233863179074446,13.885311871227364
2013,psych-rock,533,0.5331290806754222,0.595633583489681,0.48250000000000004,17.23827392120075
2013,punk,256,0.534665234375,0.8364453125,0.45066796875,31.1015625
2013,punk-rock,273,0.572856043956044,0.7778498168498169,0.49790109890109885,18.57875457875458
2013,rock,172,0.4758627906976744,0.688153488372093,0.5539941860465116,48.22674418604651
2013,rock-n-roll,776,0.6737159793814432,0.5808292525773195,0.5410528350515464,7.185567010309279
2013,romance,370,0.36187621621621624,0.2781848648648649,0.4281945945945946,0.6378378378378379
2013,sad,91,0.8477472527472527,0.6307802197802197,0.6852967032967033,25.978021978021978
2013,salsa,892,0.811634529147982,0.752085201793722,0.6886266816143498,12.432735426008968
2013,samba,907,0.6863760749724366,0.6254781697905183,0.6028048511576627,7.584343991179713
2013,sertanejo,819,0.6658778998778999,0.7002918192918193,0.6141489621489622,18.825396825396826
2013,show-tunes,776,0.3721792525773196,0.38322684278350516,0.46067396907216496,8.030927835051546
2013,singer-songwriter,722,0.40648116343490304,0.41293608033241,0.5215235457063713,21.980609418282548
2013,ska,696,0.6762091954022988,0.8135603448275861,0.551742816091954,15.195402298850574
2013,sleep,867,0.139157223183391,0.22068375144175315,0.2855716262975779,8.20876585928489
2013,songwriter,1,0.778,0.704,0.729,18.0
2013,soul,460,0.48797108695652175,0.5513302173913043,0.6060913043478261,25.02391304347826
2013,spanish,885,0.526530395480226,0.6936046327683616,0.5541089265536723,24.61920903954802
2013,swedish,522,0.4750637931034483,0.7365186973180077,0.5053946360153256,18.726053639846743
2013,tango,843,0.6079625148279952,0.33376014234875445,0.561226571767497,1.4104389086595492
2013,techno,229,0.4340489082969432,0.7569327510917031,0.64546288209607,16.275109170305676
2013,trance,322,0.3020850931677019,0.8314192546583851,0.5317577639751553,16.332298136645964
2013,trip-hop,603,0.44574228855721393,0.6244510779436152,0.6400995024875622,6.243781094527363
2014,acoustic,940,0.4227426595744681,0.45666599999999996,0.5240361702127659,20.091489361702127
2014,afrobeat,744,0.6790404569892473,0.7107338709677419,0.6210900537634408,8.188172043010752
2014,alt-rock,929,0.46650398277717975,0.759667922497309,0.5107050592034446,39.194833153928954
2014,ambient,937,0.1660468516542156,0.26909984130202774,0.3428305229455709,24.21664887940235
2014,black-metal,977,0.14316366427840327,0.8054982088024566,0.2642807574206755,11.841351074718526
2014,blues,861,0.5393116144018584,0.649882462253194,0.509138443670151,22.4123112659698
2014,breakbeat,593,0.4628821247892074,0.8685716694772344,0.6622074198988196,3.6475548060708265
2014,cantopop,862,0.39093120649651975,0.5148777497679814,0.5320533642691415,14.988399071925754
2014,chicago-house,423,0.584501182033097,0.7427328605200946,0.7836548463356974,2.3286052009456264
2014,chill,912,0.40710394736842104,0.5997714364035087,0.5849276315789473,24.80811403508772
2014,classical,767,0.2551617992177314,0.24332350717079532,0.32208409387222947,24.48891786179922
2014,club,863,0.36143209733487835,0.6829429895712631,0.5531799536500579,12.119351100811125
2014,comedy,988,0.46673562753036435,0.7235573886639676,0.56940991902834,13.589068825910932
2014,country,861,0.5376782810685249,0.6790001161440186,0.5701463414634147,34.37979094076655
2014,dance,767,0.47232320730117344,0.7426870925684484,0.6477770534550196,45.797913950456326
2014,dancehall,886,0.7027871331828442,0.7629074492099324,0.6818747178329571,16.351015801354404
2014,death-metal,840,0.21720035714285713,0.9338964285714285,0.38177488095238094,22.427380952380954
2014,deep-house,894,0.473993288590604,0.6957158836689038,0.7491711409395974,20.185682326621922
2014,detroit-techno,259,0.42348030888030885,0.7166525096525097,0.7375791505791507,1.7335907335907337
2014,disco,728,0.654501510989011,0.7154684065934066,0.6841524725274725,20.666208791208792
2014,drum-and-bass,803,0.3333905354919054,0.8598567870485679,0.5626712328767123,8.632627646326277
2014,dub,733,0.39477271487039567,0.7283396998635744,0.6329129604365621,17.8731241473397
2014,dubstep,229,0.29391179039301313,0.77782096069869,0.5886288209606987,6.502183406113537
2014,edm,502,0.35330219123505974,0.7923266932270916,0.6248924302788845,32.69521912350598
2014,electro,345,0.4411266666666667,0.6624660869565218,0.6253159420289855,38.927536231884055
2014,electronic,381,0.3757737532808399,0.6687687664041995,0.609509186351706,27.034120734908136
2014,emo,914,0.4105333698030635,0.788163124726477,0.43303610503282275,24.181619256017505
2014,folk,694,0.40966801152737753,0.47349048991354464,0.5194668587896254,36.97838616714697
2014,forro,825,0.7954812121212121,0.7798121212121213,0.6384618181818181,12.346666666666666
2014,french,701,0.42180313837375183,0.5123290727532097,0.5653787446504993,27.937232524964337
2014,funk,674,0.5932415430267063,0.7101706231454006,0.6338308605341246,25.74925816023739
2014,garage,668,0.49714446107784427,0.7279100299401198,0.43373592814371253,24.426646706586826
2014,german,695,0.38857942446043164,0.6326953669064748,0.4899477697841727,26.423021582733814
2014,gospel,941,0.4563418703506908,0.5868895855472901,0.5021934112646121,19.578108395324122
2014,goth,792,0.35702853535353535,0.7806089646464647,0.4466924242424242,15.303030303030303
2014,grindcore,755,0.22395589403973512,0.924728476821192,0.2835415894039735,2.2158940397350992
2014,groove,569,0.44109015817223196,0.7845588752196836,0.5678769771528999,14.521968365553603
2014,guitar,802,0.41623478802992514,0.34609476309226933,0.4948271820448878,9.701995012468828
2014,hard-rock,577,0.4362207972270364,0.8115424610051993,0.45219341421143844,21.181975736568457
2014,hardcore,672,0.39291116071428567,0.8731414583333335,0.44884761904761905,25.842261904761905
2014,hardstyle,777,0.30264350064350065,0.9244774774774774,0.519997425997426,7.14028314028314
2014,heavy-metal,844,0.3761900473933649,0.8964360189573459,0.4166824644549763,3.2097156398104265
2014,hip-hop,695,0.46273625899280574,0.6570676258992806,0.6980474820143885,45.523741007194246
2014,house,116,0.4024508620689655,0.7207586206896552,0.6437672413793104,36.01724137931034
2014,indian,849,0.4335745583038869,0.6209760188457008,0.5490659599528858,5.758539458186101
2014,indie-pop,338,0.45808195266272195,0.6225831360946745,0.5553372781065089,40.43195266272189
2014,industrial,725,0.39387848275862064,0.8283857931034483,0.5266691034482759,11.391724137931034
2014,jazz,646,0.48324102167182664,0.45205603715170284,0.5588862229102167,32.53560371517028
2014,k-pop,866,0.5591682448036952,0.7151000000000001,0.6309041570438799,29.73903002309469
2014,metal,333,0.31656156156156157,0.8947726726726726,0.44138738738738736,39.03603603603604
2014,metalcore,255,0.28323372549019604,0.9255568627450981,0.4193254901960784,21.298039215686273
2014,minimal-techno,706,0.2879667138810198,0.6921543909348442,0.7386600566572238,9.008498583569406
2014,new-age,871,0.16034454649827784,0.21496641791044777,0.3474622273249139,11.390355912743972
2014,opera,695,0.21084920863309353,0.2484168201438849,0.3106053237410072,6.884892086330935
2014,party,243,0.7051024691358024,0.8417777777777777,0.6685185185185185,9.069958847736626
2014,piano,490,0.35414244897959185,0.38270067346938774,0.4772551020408163,18.314285714285713
2014,pop,234,0.41615897435897437,0.5974589743589743,0.5598205128205128,59.91025641025641
2014,pop-film,836,0.5720174641148326,0.6218794258373206,0.6308181818181818,21.534688995215312
2014,power-pop,801,0.5985506866416979,0.799558052434457,0.4484580524344569,4.679151061173533
2014,progressive-house,485,0.3151470103092784,0.8231381443298968,0.6256164948453607,19.835051546391753
2014,psych-rock,440,0.48908954545454547,0.5957922727272728,0.46567772727272727,20.138636363636362
2014,punk,266,0.5295067669172933,0.8332669172932331,0.48129022556390977,31.296992481203006
2014,punk-rock,293,0.491342662116041,0.7982627986348123,0.4581160409556314,20.09556313993174
2014,rock,190,0.4516294736842105,0.6498894736842106,0.5455157894736842,46.44736842105263
2014,rock-n-roll,746,0.6830554959785523,0.5828372654155496,0.537730563002681,8.46514745308311
2014,romance,617,0.44303030794165316,0.303580226904376,0.45250405186385734,0.3987034035656402
2014,sad,205,0.7745219512195122,0.6244682926829268,0.6463853658536586,15.541463414634146
2014,salsa,887,0.8198406989853438,0.7115659526493799,0.6875028184892898,12.84216459977452
2014,samba,825,0.6650458181818181,0.5977158787878788,0.62204,9.866666666666667
2014,sertanejo,862,0.6393259860788864,0.7190243619489559,0.6101078886310904,23.180974477958237
2014,show-tunes,651,0.3526413210445469,0.3920755760368663,0.43652795698924735,10.741935483870968
2014,singer-songwriter,583,0.39961217838765006,0.4226891938250429,0.529433962264151,24.921097770154375
2014,ska,758,0.6907167546174143,0.8133878627968337,0.5514868073878628,15.259894459102902
2014,sleep,877,0.08389772063854048,0.28637172337514255,0.256239338654504,15.744583808437856
2014,songwriter,4,0.484325,0.541175,0.525,26.0
2014,soul,410,0.4426721951219512,0.5442873170731708,0.6282146341463414,30.26341463414634
2014,spanish,898,0.5370771714922049,0.7256824053452116,0.554646881959911,24.179287305122493
2014,swedish,486,0.49230884773662553,0.7088820781893004,0.5332222222222223,22.12962962962963
2014,tango,741,0.6020658569500675,0.2984072874493927,0.5925924426450742,2.5600539811066128
2014,techno,316,0.37343386075949364,0.7440936708860759,0.6784145569620252,13.775316455696203
2014,trance,383,0.2753981723237598,0.8249268929503917,0.5643394255874673,16.4934725848564
2014,trip-hop,633,0.48385118483412326,0.61851327014218,0.6496271721958926,6.099526066350711
2015,acoustic,919,0.40742578890097936,0.4724713601741023,0.5286724700761698,24.137105549510338
2015,afrobeat,805,0.717603354037267,0.7109875776397516,0.6455552795031057,6.0409937888198755
2015,alt-rock,932,0.4511387339055794,0.7197287553648068,0.513524678111588,40.2843347639485
2015,ambient,979,0.13385995914198162,0.20899662206332995,0.3102544433094995,28.495403472931564
2015,black-metal,974,0.1501593429158111,0.848093839835729,0.2683937371663244,12.567761806981519
2015,blues,856,0.518122546728972,0.66037511682243,0.5091695093457944,25.529205607476637
2015,breakbeat,568,0.4824107394366197,0.8488151408450705,0.6749084507042253,4.850352112676056
2015,cantopop,833,0.38873973589435773,0.4903967587034814,0.540421368547419,15.396158463385355
2015,chicago-house,264,0.530544696969697,0.7399621212121212,0.7833825757575757,2.8143939393939394
2015,chill,957,0.42277774294670845,0.6145997910135842,0.5936280041797283,28.53291536050157
2015,classical,734,0.22133419618528613,0.24621796866485013,0.3260608991825613,25.922343324250683
2015,club,912,0.3352638157894737,0.6989014254385965,0.5568357456140351,8.571271929824562
2015,comedy,984,0.48242804878048784,0.5960674390243902,0.5942063008130081,10.940040650406504
2015,disco,931,0.6091288936627283,0.7118624060150377,0.7006680988184748,23.055853920515574
2015,drum-and-bass,798,0.3294804511278196,0.8547368421052632,0.566249373433584,10.462406015037594
2015,dub,817,0.3741927784577724,0.7439669522643819,0.6176756425948593,19.60954712362301
2015,dubstep,172,0.2903779069767442,0.8249709302325582,0.5795697674418605,7.651162790697675
2015,edm,775,0.38341303225806456,0.7858335483870967,0.6189303225806452,40.52516129032258
2015,electro,443,0.41406907449209934,0.6406133182844244,0.6244650112866816,44.75169300225733
2015,electronic,521,0.3731076775431862,0.6564452975047984,0.6499923224568138,29.844529750479847
2015,emo,880,0.37860988636363635,0.7694001136363636,0.45285886363636363,27.988636363636363
2015,folk,783,0.4288892720306513,0.507562196679438,0.5318841634738186,35.51213282247765
2015,forro,844,0.7443151658767773,0.7767049763033175,0.6215639810426541,13.117298578199053
2015,french,765,0.41129803921568625,0.5911074379084967,0.6283216993464052,32.810457516339866
2015,funk,692,0.6037789017341041,0.6775450867052023,0.6612485549132948,26.621387283236995
2015,garage,719,0.47514534075104314,0.72762280945758,0.4251470097357441,25.091794158553547
2015,german,775,0.4024390967741936,0.6676458838709678,0.5399450322580646,27.345806451612905
2015,gospel,944,0.4564191737288135,0.5903957934322034,0.5181401483050847,22.04449152542373
2015,goth,816,0.34427156862745095,0.7558268382352941,0.4477725490196079,11.330882352941176
2015,grindcore,600,0.192417,0.9310783333333335,0.28173783333333335,3.0
2015,groove,855,0.4729466666666666,0.7714269005847953,0.6551602339181287,16.49356725146199
2015,guitar,824,0.4236354368932039,0.32762234587378636,0.4999441747572816,10.404126213592233
2015,hard-rock,650,0.39667615384615384,0.8713246153846154,0.4070353846153846,21.72769230769231
2015,hardcore,697,0.3716340028694405,0.884695868436155,0.43292883787661407,23.585365853658537
2015,hardstyle,762,0.2789192913385827,0.9199566929133858,0.5134868766404199,9.770341207349082
2015,heavy-metal,817,0.3676456548347613,0.896156670746634,0.4197221542227662,4.421052631578948
2015,hip-hop,880,0.4277786363636364,0.6329002761363636,0.6933022727272727,49.544318181818184
2015,house,156,0.41108846153846157,0.7093205128205128,0.6751346153846154,41.31410256410256
2015,indian,899,0.44550667408231365,0.6265774082313682,0.5456685205784204,9.64293659621802
2015,indie-pop,321,0.4381806853582555,0.5734716510903426,0.5505233644859813,42.52647975077882
2015,industrial,736,0.3588633152173913,0.8190948369565217,0.5029940217391304,13.080163043478262
2015,jazz,627,0.46042200956937795,0.4788196012759171,0.5489226475279108,30.679425837320576
2015,k-pop,846,0.5548400709219858,0.7317931442080378,0.6376513002364066,31.940898345153663
2015,metal,451,0.3311565410199556,0.9109268292682926,0.4240487804878049,37.853658536585364
2015,metalcore,357,0.24950308123249298,0.9288431372549019,0.4011095238095238,21.62464985994398
2015,minimal-techno,813,0.2690774907749077,0.6911180811808119,0.7319913899138992,9.380073800738007
2015,new-age,902,0.17889866962305986,0.23194921286031042,0.34977350332594237,13.016629711751664
2015,opera,752,0.21766050531914893,0.2882041888297872,0.3174043882978723,7.474734042553192
2015,party,386,0.6901917098445596,0.8311761658031088,0.6912953367875647,10.546632124352332
2015,piano,599,0.28346727879799666,0.26687487479131883,0.4689549248747913,21.43238731218698
2015,pop,378,0.42904417989417987,0.6065431216931217,0.5721111111111111,59.39417989417989
2015,pop-film,770,0.5599827272727272,0.6114642857142857,0.6027207792207793,19.812987012987012
2015,power-pop,878,0.5469304100227791,0.7570806628701594,0.4401013667425968,3.3906605922551254
2015,progressive-house,621,0.3065359098228663,0.8336763285024154,0.6081175523349437,21.845410628019323
2015,psych-rock,528,0.44403844696969696,0.6511613068181819,0.4272672348484849,17.831439393939394
2015,punk,241,0.4923643153526971,0.815746887966805,0.47533195020746893,32.19917012448133
2015,punk-rock,316,0.5173784810126583,0.8267246835443038,0.4622212025316456,18.759493670886076
2015,rock,238,0.5349084033613445,0.7042605042016807,0.5879453781512606,49.096638655462186
2015,rock-n-roll,831,0.6717524669073406,0.5864069795427196,0.5329374247894103,10.512635379061372
2015,romance,418,0.318705980861244,0.3411739234449761,0.40999760765550236,0.9497607655502392
2015,sad,314,0.814125796178344,0.6355191082802548,0.6902324840764331,21.261146496815286
2015,salsa,858,0.8282167832167833,0.746469696969697,0.6899766899766899,20.03146853146853
2015,samba,861,0.6813042973286875,0.646420325203252,0.6129512195121951,9.46225319396051
2015,sertanejo,902,0.6183215077605322,0.6787394678492239,0.6050920177383592,23.266075388026607
2015,show-tunes,584,0.3677191780821918,0.35531654109589045,0.448613698630137,11.517123287671232
2015,singer-songwriter,731,0.40346484268125854,0.45449726402188784,0.5133242134062928,24.194254445964432
2015,ska,792,0.6649709595959596,0.8200075757575758,0.5582209595959596,14.244949494949495
2015,sleep,712,0.05463099297752809,0.33215733132022474,0.19262106741573032,24.185393258426966
2015,songwriter,1,0.131,0.15,0.555,28.0
2015,soul,472,0.42965233050847457,0.548906779661017,0.6120889830508475,33.355932203389834
2015,spanish,918,0.5054772331154684,0.721999128540305,0.5501732026143791,28.734204793028322
2015,swedish,549,0.40690655737704917,0.6969266666666666,0.5047892531876138,20.0
2015,tango,763,0.599132372214941,0.29437929226736564,0.5657968545216251,4.187418086500656
2015,techno,366,0.3232483606557377,0.7105680327868853,0.6635109289617487,15.314207650273223
2015,trance,481,0.2857045738045738,0.8123492723492723,0.5933721413721413,17.758835758835758
2015,trip-hop,762,0.43019855643044624,0.6381875328083989,0.6295131233595801,5.809711286089239
2016,acoustic,976,0.4163389344262295,0.4455970286885246,0.5253657786885245,21.350409836065573
2016,afrobeat,878,0.6962834851936219,0.6909261958997722,0.6378621867881549,7.878132118451025
2016,alt-rock,941,0.43566737513283743,0.7264925611052072,0.5045302869287991,41.22104144527099
2016,ambient,964,0.14552302904564315,0.24052035197095437,0.3452605809128631,27.904564315352697
2016,black-metal,963,0.1415503634475597,0.8010058879543095,0.281248805815161,15.071651090342678
2016,blues,874,0.5274853546910755,0.64326704805492,0.5210461098398169,24.43592677345538
2016,breakbeat,587,0.4444431005110733,0.8384378194207837,0.6806098807495742,4.221465076660988
2016,cantopop,795,0.40652880503144656,0.5085914465408805,0.5540503144654089,14.090566037735849
2016,chicago-house,315,0.544615238095238,0.7552190476190477,0.776184126984127,2.8857142857142857
2016,chill,952,0.431874474789916,0.5235769747899159,0.6331313025210084,33.622899159663866
2016,classical,672,0.2283563988095238,0.23730162202380953,0.3320092261904762,27.757440476190474
2016,club,901,0.3068199778024417,0.6946510543840178,0.5811251942286348,8.794672586015539
2016,comedy,955,0.4905558115183246,0.6176010471204189,0.5951884816753926,11.489005235602095
2016,country,876,0.5141479452054795,0.6760925799086759,0.5770171232876712,36.337899543378995
2016,dance,856,0.4577417056074767,0.7177266355140187,0.6458446261682242,48.13317757009346
2016,dancehall,893,0.6826804031354983,0.7420963045912654,0.7150683090705487,19.559910414333707
2016,death-metal,820,0.2266001219512195,0.9297792682926829,0.37735231707317074,22.779268292682925
2016,deep-house,914,0.4611628008752735,0.7171706783369803,0.7458063457330416,27.079868708971553
2016,detroit-techno,186,0.45304139784946235,0.7256344086021504,0.7411935483870967,2.596774193548387
2016,disco,705,0.6149150354609929,0.7313743262411349,0.6982170212765957,24.104964539007092
2016,drum-and-bass,838,0.30390477326968973,0.8535942720763723,0.5432028639618138,11.952267303102625
2016,dub,803,0.32885267745952673,0.7672113325031134,0.5976438356164384,20.902864259028643
2016,dubstep,165,0.30034181818181815,0.8111333333333333,0.6058,9.672727272727272
2016,edm,447,0.3766458612975392,0.7684004474272931,0.6253087248322147,37.86577181208054
2016,electro,324,0.3803679012345679,0.6266635802469135,0.6304938271604938,43.48456790123457
2016,electronic,444,0.3425698198198198,0.6931815315315315,0.6326486486486487,31.027027027027028
2016,emo,879,0.3791163822525597,0.7421683731513082,0.49002389078498293,30.890784982935152
2016,folk,738,0.3868831978319783,0.4509415989159891,0.517340108401084,38.46070460704607
2016,forro,808,0.7888749999999999,0.7854975247524753,0.6694368811881187,10.810643564356436
2016,french,685,0.43371664233576646,0.6126770802919709,0.6573102189781022,34.94598540145985
2016,funk,684,0.6171469298245613,0.6895964912280702,0.6552836257309942,28.88450292397661
2016,garage,768,0.5110407552083334,0.7146203125,0.463208984375,27.194010416666668
2016,german,757,0.3752520475561427,0.6173634742404227,0.5252575957727873,28.158520475561428
2016,gospel,905,0.4375054143646409,0.5860353591160221,0.4934228729281768,20.133701657458563
2016,goth,842,0.3883040380047506,0.7488744536817101,0.4539565320665083,11.042755344418053
2016,grindcore,745,0.19832523489932885,0.9210590604026845,0.28063463087248325,3.1624161073825503
2016,groove,580,0.4417036206896552,0.773746551724138,0.6519793103448276,15.625862068965517
2016,guitar,751,0.3933784287616512,0.3143866444740346,0.4802930758988016,9.99600532623169
2016,hard-rock,663,0.43843167420814483,0.8420723981900452,0.4181355957767723,21.766214177978885
2016,hardcore,728,0.3838325549450549,0.8686730769230769,0.4368927197802198,26.615384615384617
2016,hardstyle,738,0.2919430894308943,0.917560975609756,0.49332249322493227,11.386178861788618
2016,heavy-metal,789,0.36494562737642583,0.8811749049429657,0.4218441064638783,3.640050697084918
2016,hip-hop,821,0.42199658952496955,0.6198282582216809,0.7044604141291108,50.81607795371498
2016,house,102,0.3830372549019608,0.6861666666666667,0.6815000000000001,42.01960784313726
2016,indian,856,0.41241016355140186,0.6153226635514019,0.5668586448598131,10.070093457943925
2016,indie-pop,401,0.4480014962593516,0.5779374064837906,0.5738633416458853,45.77805486284289
2016,industrial,801,0.35735593008739075,0.7913188888888889,0.5032601747815231,13.795255930087391
2016,jazz,643,0.47577931570762055,0.45290511664074645,0.5740342146189735,33.30326594090202
2016,k-pop,862,0.5347791183294663,0.7041875870069605,0.6238190255220417,37.343387470997676
2016,metal,406,0.32452783251231526,0.908371921182266,0.4277512315270936,37.810344827586206
2016,metalcore,299,0.3025538461538462,0.919,0.42586622073578595,21.94983277591973
2016,minimal-techno,753,0.28819707835325364,0.6889820717131474,0.7377636122177955,11.334661354581673
2016,new-age,919,0.18830065288356912,0.2299123220892274,0.36123514689880304,14.878128400435255
2016,opera,754,0.2074811671087533,0.2552716047745358,0.30045928381962866,10.338196286472149
2016,party,393,0.6416417302798982,0.8048778625954198,0.6754783715012723,9.631043256997456
2016,piano,630,0.2650092063492064,0.24831980952380955,0.474031746031746,24.874603174603173
2016,sad,529,0.7374034026465028,0.5710100189035917,0.6699111531190926,19.113421550094518
2017,acoustic,947,0.4054963041182682,0.3978675818373812,0.5339060190073918,26.019007391763463
2017,afrobeat,793,0.7065127364438839,0.702923076923077,0.6668877679697351,10.167717528373267
2017,alt-rock,934,0.4491676659528908,0.7113072805139187,0.5171359743040685,42.70128479657387
2017,ambient,972,0.14971656378600823,0.23719682613168724,0.33466656378600823,28.594650205761315
2017,black-metal,965,0.1498739896373057,0.8213248497409327,0.2702498445595855,13.761658031088082
2017,blues,881,0.5370624290578887,0.6724542565266742,0.5211520998864926,27.16345062429058
2017,breakbeat,565,0.48145451327433625,0.8515150442477876,0.7053256637168142,4.104424778761062
2017,cantopop,800,0.399140375,0.5056197499999999,0.53142,12.21
2017,chicago-house,335,0.5559770149253731,0.7537283582089552,0.7822089552238807,3.6686567164179102
2017,chill,945,0.43295534391534396,0.4500691005291005,0.6395777777777777,40.2010582010582
2017,classical,735,0.21738489795918367,0.22368844897959184,0.33300448979591835,27.825850340136054
2017,club,954,0.3563452830188679,0.6936756394129979,0.5845827044025158,12.581761006289309
2017,comedy,979,0.4448549540347293,0.6358772604698671,0.5791276813074566,12.742594484167517
2017,country,891,0.5223294051627385,0.6721615039281705,0.5867553310886644,40.829405162738496
2017,dance,876,0.46957545662100453,0.6918002283105024,0.6516484018264841,50.029680365296805
2017,dancehall,855,0.6804678362573099,0.7228362573099415,0.715208187134503,22.017543859649123
2017,death-metal,808,0.2142253712871287,0.9400971534653465,0.3636428217821782,24.617574257425744
2017,deep-house,929,0.4687379978471475,0.7334779332615715,0.7395543595263725,28.64908503767492
2017,detroit-techno,426,0.44484647887323947,0.7161760563380282,0.7322769953051643,3.3826291079812205
2017,disco,674,0.6129234421364985,0.7159807121661721,0.7125593471810089,24.17507418397626
2017,drum-and-bass,818,0.2762679706601467,0.8446968215158924,0.5526246943765282,15.41075794621027
2017,dub,879,0.32076393629124006,0.7838085324232082,0.59006598407281,23.784982935153582
2017,dubstep,141,0.26244680851063834,0.8220709219858156,0.5846382978723405,11.865248226950355
2017,edm,455,0.3866263736263736,0.7472681318681319,0.6263846153846154,39.637362637362635
2017,electro,374,0.4078245989304813,0.5878235294117647,0.6418582887700535,45.467914438502675
2017,electronic,509,0.34423713163064834,0.6525074656188605,0.638155206286837,32.49312377210216
2017,emo,904,0.3821785398230088,0.667346238938053,0.5556880530973451,36.61393805309734
2017,folk,712,0.40077064606741575,0.4441129213483146,0.5399803370786517,39.53511235955056
2017,forro,851,0.7554923619271445,0.7927097532314924,0.6715229142185664,12.35605170387779
2017,french,730,0.4088443835616438,0.5953358904109589,0.6499438356164383,37.41917808219178
2017,funk,717,0.6063361227336123,0.6882779637377964,0.6667880055788006,30.96234309623431
2017,garage,764,0.48957997382198953,0.7053913612565444,0.46339397905759167,28.455497382198953
2017,german,727,0.3650617606602476,0.6108315130674002,0.5365453920220082,32.1636863823934
2017,gospel,939,0.43740947816826414,0.570199148029819,0.49831842385516506,22.60702875399361
2017,goth,842,0.35869239904988126,0.7449818242280284,0.45887945368171024,12.477434679334916
2017,grindcore,823,0.19281324422843257,0.9121506682867558,0.26676950182260023,1.8311057108140947
2017,groove,569,0.4619618629173989,0.7692565905096661,0.6352214411247804,18.64323374340949
2017,guitar,708,0.40675310734463277,0.34674946327683615,0.5078803672316384,12.823446327683616
2017,hard-rock,673,0.41969910846953934,0.8411352154531946,0.443,23.325408618127785
2017,hardcore,762,0.36762716535433065,0.8761902887139108,0.4347305774278215,28.560367454068242
2017,hardstyle,753,0.26380451527224436,0.9015989375830014,0.4929654714475431,14.139442231075698
2017,heavy-metal,825,0.3664206060606061,0.8941890909090909,0.4090351515151515,5.527272727272727
2017,hip-hop,838,0.4351731503579952,0.6168663484486873,0.7349976133651551,54.43556085918854
2017,house,128,0.4013859375,0.7039296875,0.6925390625,44.875
2017,indian,831,0.43175920577617327,0.6116839951865223,0.5750510228640192,12.109506618531888
2017,indie-pop,386,0.4398023316062176,0.5929766839378239,0.5676683937823834,46.740932642487046
2017,industrial,725,0.36698137931034486,0.826249747586207,0.5076608275862069,13.958620689655172
2017,jazz,714,0.48391400560224085,0.4773877731092437,0.5877478991596639,33.127450980392155
2017,k-pop,862,0.5244570765661253,0.6984947795823665,0.6337192575406032,39.4953596287703
2017,metal,374,0.3452276737967914,0.8725481283422459,0.44752593582887695,39.93582887700535
2017,metalcore,285,0.27845333333333333,0.9059859649122808,0.41221052631578947,23.614035087719298
2017,minimal-techno,801,0.28949650436953805,0.7064169787765294,0.7263720349563045,13.766541822721598
2017,new-age,869,0.1753994246260069,0.23113424626006904,0.3598818181818182,9.886075949367088
2017,opera,678,0.22748377581120946,0.28486933628318584,0.3234323008849558,7.67551622418879
2017,party,386,0.6660147668393783,0.7950812953367876,0.7028471502590673,13.520725388601036
2017,piano,776,0.25249768041237114,0.22100597551546394,0.4572615979381443,25.123711340206185
2017,pop,305,0.41644655737704916,0.5545016393442622,0.5982721311475411,63.59344262295082
2017,pop-film,803,0.5609982565379826,0.6435920298879203,0.5931444582814446,25.51805728518057
2017,power-pop,830,0.553297951807229,0.7893096385542168,0.44995048192771087,7.3108433734939755
2017,progressive-house,643,0.29831726283048215,0.8073654743390357,0.6021073094867807,23.99222395023328
2017,psych-rock,584,0.4710046232876713,0.6076097602739726,0.4513142123287671,18.301369863013697
2017,punk,355,0.5030169014084507,0.8309971830985916,0.48060028169014085,35.46760563380282
2017,punk-rock,324,0.49400401234567903,0.8050679012345678,0.4702716049382716,22.52777777777778
2017,rock,170,0.5005964705882353,0.6884705882352942,0.5702941176470588,50.68235294117647
2017,rock-n-roll,825,0.6675644848484847,0.5558049696969697,0.5518181818181818,7.861818181818182
2017,romance,304,0.42126118421052633,0.2940572368421053,0.47025986842105266,1.5953947368421053
2017,sad,730,0.5790715068493151,0.5601489041095891,0.653313698630137,24.786301369863015
2017,salsa,862,0.8302737819025522,0.7593352668213458,0.6960116009280742,17.29350348027842
2017,samba,895,0.6791735195530727,0.6534896089385475,0.6004469273743016,8.347486033519553
2017,sertanejo,885,0.6468598870056497,0.7579672316384182,0.6287209039548023,28.538983050847456
2017,show-tunes,827,0.35992817412333733,0.42449490931076184,0.4561981862152358,12.60943168077388
2017,singer-songwriter,760,0.3948665789473684,0.438801052631579,0.5305236842105263,26.231578947368423
2017,ska,704,0.6141022727272727,0.8138366477272728,0.5373011363636363,16.37784090909091
2017,sleep,949,0.07022542360379347,0.2828190075869336,0.20062307692307693,29.003161222339305
2017,songwriter,3,0.4816666666666667,0.5579999999999999,0.5573333333333333,21.0
2017,soul,494,0.4216702429149798,0.5304467611336032,0.6300283400809716,39.30971659919028
2017,spanish,896,0.5129668526785714,0.7078407142857143,0.5793767857142856,29.348214285714285
2017,swedish,484,0.39562004132231404,0.6704855371900826,0.5459652892561984,24.865702479338843
2017,tango,816,0.5760562499999999,0.3026917892156863,0.5428014705882352,2.883578431372549
2017,techno,346,0.318171676300578,0.7204306358381503,0.6692947976878613,22.820809248554912
2017,trance,415,0.2599942168674699,0.8397855421686747,0.5602530120481928,22.718072289156627
2017,trip-hop,640,0.43016125,0.62299265625,0.6151203125,6.8265625
2018,acoustic,939,0.3852484558040469,0.35397897763578273,0.5371416400425985,28.513312034078808
2018,afrobeat,790,0.6929258227848101,0.6864303797468354,0.6503645569620253,8.726582278481013
2018,alt-rock,916,0.45210076419213974,0.7142735807860262,0.5209694323144105,43.50982532751092
2018,ambient,976,0.15063668032786887,0.2217804323770492,0.32305625000000004,29.651639344262296
2018,black-metal,969,0.1555186790505676,0.8263433436532507,0.2738255933952528,14.884416924664603
2018,blues,860,0.5249676744186046,0.6546912790697674,0.5238325581395349,26.108139534883723
2018,breakbeat,642,0.46027663551401865,0.8654423676012462,0.6961651090342679,4.186915887850467
2018,cantopop,791,0.4123787610619469,0.5111697850821745,0.5507206068268016,12.439949431099874
2018,chicago-house,340,0.551320294117647,0.732685294117647,0.778729411764706,3.4705882352941178
2018,chill,955,0.39432136125654454,0.44404785340314135,0.6462293193717278,42.55706806282723
2018,classical,677,0.2326912850812408,0.17913054062038405,0.3414051698670606,29.039881831610046
2018,club,953,0.28845739769150053,0.7236733473242393,0.5735895068205666,15.238195173137461
2018,comedy,983,0.48289603255340796,0.653972024415056,0.5746785350966429,12.087487283825025
2018,country,910,0.49809978021978024,0.6489117582417582,0.5883307692307692,40.354945054945055
2018,dance,865,0.46986473988439303,0.6965942196531791,0.6693156069364161,52.51445086705202
2018,dancehall,887,0.6609888387824127,0.7032198421645998,0.7108534385569335,22.041713641488162
2018,death-metal,843,0.224120521945433,0.9386358244365361,0.3664288256227758,19.86358244365362
2018,deep-house,931,0.4788021482277121,0.7494962406015037,0.743859291084855,28.51450053705693
2018,detroit-techno,321,0.40664890965732087,0.7355264797507789,0.7330685358255452,2.7258566978193146
2018,disco,663,0.6498659125188537,0.7469336349924585,0.7149698340874812,25.874811463046758
2018,drum-and-bass,841,0.30672758620689655,0.8619940546967896,0.5711248513674198,13.651605231866824
2018,dub,878,0.2955037585421412,0.7980432801822324,0.5784214123006833,25.70615034168565
2018,dubstep,79,0.26300759493670883,0.7986075949367089,0.5944303797468354,15.443037974683545
2018,edm,452,0.3689920353982301,0.7542964601769911,0.628462389380531,42.64601769911504
2018,electro,341,0.4013885630498534,0.5895782991202346,0.6382756598240469,47.26099706744868
2018,electronic,532,0.36635751879699247,0.6888392857142857,0.6268458646616542,33.505639097744364
2018,emo,919,0.397410119695321,0.6907007616974973,0.5628770402611534,38.20239390642002
2018,folk,798,0.37586942355889724,0.4586528947368421,0.5323479949874687,40.06892230576441
2018,forro,868,0.7674861751152073,0.7570149769585254,0.6728248847926268,13.925115207373272
2018,french,765,0.4390796078431372,0.6164494640522876,0.6665938562091503,39.588235294117645
2018,funk,703,0.6168422475106686,0.6782790896159318,0.6762958748221906,33.005689900426745
2018,garage,793,0.5217904161412359,0.7156670870113493,0.4871572509457755,26.958385876418664
2018,german,732,0.4099502732240437,0.6753589207650273,0.5795744535519125,32.916666666666664
2018,gospel,918,0.4366433551198257,0.6073308278867103,0.49945206971677564,21.97276688453159
2018,goth,849,0.3465050647820966,0.764878445229682,0.452048409893993,13.069493521790342
2018,grindcore,756,0.16726613756613756,0.9420595238095238,0.2756449735449735,2.0462962962962963
2018,groove,502,0.4829440239043825,0.7869880478087649,0.662203187250996,19.679282868525895
2018,guitar,649,0.3375793528505393,0.2636828967642527,0.4683212634822804,16.057010785824346
2018,hard-rock,686,0.41920553935860055,0.8395247813411079,0.44286472303207,23.443148688046648
2018,hardcore,722,0.364852216066482,0.8684986149584488,0.429167728531856,28.02770083102493
2018,hardstyle,793,0.25851513240857504,0.9056292559899117,0.4952459016393443,18.829760403530894
2018,heavy-metal,786,0.3462994910941476,0.9044949109414758,0.427713358778626,3.762086513994911
2018,hip-hop,856,0.4509191588785047,0.6175782710280374,0.7450817757009346,56.421728971962615
2018,house,142,0.4076570422535212,0.704943661971831,0.7035774647887324,48.45774647887324
2018,indian,891,0.44737182940516274,0.602270482603816,0.5654301907968574,13.894500561167227
2018,indie-pop,531,0.438965725047081,0.5351745762711865,0.5681800376647834,50.31261770244821
2018,industrial,786,0.3787888040712468,0.8082103053435115,0.5227272264631043,14.858778625954198
2018,jazz,762,0.4694763779527559,0.448558937007874,0.5823543307086615,32.96456692913386
2018,k-pop,851,0.5344815511163337,0.7161902467685076,0.6452690951821387,42.3572267920094
2018,metal,490,0.3676534693877551,0.8816918367346939,0.4563673469387755,40.66122448979592
2018,metalcore,333,0.30246726726726725,0.9317477477477477,0.43389489489489486,22.38738738738739
2018,minimal-techno,788,0.2606172588832487,0.7336624365482233,0.7230913705583757,13.01269035532995
2018,new-age,888,0.17453637387387388,0.22159561497747746,0.371017454954955,10.966216216216216
2018,opera,699,0.2163340486409156,0.2537643633762518,0.30661845493562234,9.775393419170243
2018,party,527,0.6635882352941177,0.7326802656546489,0.7229430740037951,13.40607210626186
2018,piano,770,0.22611246753246755,0.1742223051948052,0.4575846753246753,26.003896103896103
2018,pop,229,0.4492995633187773,0.5776986899563319,0.6230087336244542,63.375545851528386
2018,pop-film,775,0.5616145806451613,0.5918349677419354,0.5679587096774193,28.18193548387097
2018,power-pop,799,0.5835684605757196,0.7979924906132666,0.4577409261576971,5.0963704630788484
2018,progressive-house,611,0.2878248772504092,0.8108510638297872,0.6058281505728315,28.02454991816694
2018,psych-rock,626,0.4381389776357827,0.5958583067092652,0.4477966453674121,23.273162939297123
2018,punk,402,0.5137268656716418,0.8211492537313432,0.48811194029850746,35.191542288557216
2018,punk-rock,392,0.4916043367346939,0.7676198979591836,0.49248928571428574,20.663265306122447
2018,rock,200,0.4736735,0.6833450000000001,0.571115,52.595
2018,rock-n-roll,784,0.6628238520408164,0.5345105357142858,0.5450688775510204,10.65561224489796
2018,romance,320,0.3755271875,0.37840625,0.39930375,1.528125
2018,sad,627,0.5658175438596491,0.5429156299840511,0.6801164274322169,35.1578947368421
2018,salsa,925,0.8016681081081081,0.7430702702702703,0.6951210810810811,15.582702702702703
2018,samba,880,0.6633305681818182,0.6212345454545455,0.5952352272727273,11.034090909090908
2018,sertanejo,838,0.6580238663484487,0.7146455847255371,0.6291778042959427,27.9618138424821
2018,show-tunes,621,0.35019017713365536,0.41646167471819645,0.45064798711755233,12.624798711755233
2018,singer-songwriter,755,0.3701498013245033,0.423276821192053,0.5184609271523178,29.950993377483442
2018,ska,738,0.6191117886178862,0.825880758807588,0.5329761517615177,17.48509485094851
2018,sleep,899,0.06676434749721913,0.1834211236929922,0.20028375973303672,25.081201334816463
2018,songwriter,4,0.42275,0.5515,0.50975,19.0
2018,soul,509,0.4511251473477407,0.5313732809430255,0.671557956777996,41.17878192534381
2018,spanish,858,0.49797027972027974,0.6949371794871795,0.5911174825174825,32.12237762237762
2018,swedish,555,0.38721567567567566,0.6005521315315315,0.5705967567567567,27.25225225225225
2018,tango,777,0.5731096525096525,0.33066048906048906,0.5322355212355213,3.8494208494208495
2018,techno,411,0.2810822384428224,0.7341822384428224,0.6676423357664234,22.549878345498783
2018,trance,507,0.24590650887573964,0.836,0.5682978303747535,23.088757396449704
2018,trip-hop,643,0.45697807153965786,0.637153965785381,0.6371772939346811,7.475894245723173
2019,acoustic,946,0.38099038054968287,0.3432398202959831,0.5355750528541227,27.691331923890065
2019,afrobeat,809,0.6834745364647713,0.7073498145859085,0.6519950556242275,8.850432632880098
2019,alt-rock,935,0.4549642780748663,0.7278498395721925,0.5265989304812835,41.881283422459894
2019,ambient,906,0.14782671081677706,0.21303721114790286,0.31898068432671084,30.129139072847682
2019,black-metal,953,0.13609338929695697,0.8367599160545645,0.2700174186778594,16.100734522560337
2019,blues,862,0.5459133410672854,0.6707661252900231,0.5335742459396752,25.602088167053363
2019,breakbeat,804,0.48406256218905475,0.8890435323383084,0.6910733830845772,3.22636815920398
2019,cantopop,676,0.42270059171597635,0.5496255917159764,0.5465961538461539,11.477810650887575
2019,chicago-house,365,0.5439739726027397,0.7667205479452055,0.7711260273972603,3.1232876712328768
2019,chill,979,0.40512308478038817,0.47136465781409603,0.6458753830439223,42.46578140960163
2019,classical,681,0.2429656387665198,0.20161093832599117,0.35925800293685756,31.19236417033774
2019,club,957,0.2972331243469174,0.7226954022988505,0.5877857889237199,18.025078369905955
2019,comedy,989,0.4380344792719919,0.6447354903943378,0.5815449949443883,13.93124368048534
2019,country,916,0.5131870087336244,0.6669660480349345,0.5775447598253275,42.793668122270745
2019,dance,862,0.4848295823665893,0.7065498839907193,0.6640696055684455,53.34106728538283
2019,dancehall,849,0.6267360424028268,0.6993910482921084,0.7167997644287397,24.694935217903417
2019,death-metal,831,0.20201600481347776,0.9385126353790614,0.36098170878459684,24.332129963898918
2019,deep-house,908,0.49082533039647575,0.7798083700440529,0.7338193832599119,31.15308370044053
2019,detroit-techno,323,0.48421640866873067,0.7924922600619195,0.7277956656346749,2.637770897832817
2019,disco,673,0.6157852897473997,0.7646181277860327,0.7143120356612185,24.362555720653788
2019,drum-and-bass,808,0.2988902227722772,0.8783737623762377,0.5537858910891089,16.778465346534652
2019,dub,894,0.2902874720357942,0.8137329977628636,0.5679871364653244,28.91946308724832
2019,dubstep,58,0.32611206896551725,0.8558793103448276,0.5818448275862069,18.82758620689655
2019,edm,454,0.4037766519823789,0.7601907488986784,0.6469471365638767,43.97356828193833
2019,electro,376,0.4332106382978724,0.595063829787234,0.6531037234042554,49.28989361702128
2019,electronic,508,0.3328265748031496,0.6788976377952756,0.6337992125984252,35.053149606299215
2019,emo,869,0.38786662830840046,0.6490328423475259,0.584355581127733,39.410817031070195
2019,folk,789,0.3796809885931559,0.453376020278834,0.5272403041825094,41.457541191381495
2019,forro,896,0.7804988839285715,0.7755379464285713,0.6939252232142856,19.520089285714285
2019,french,749,0.39897703604806406,0.5865987983978639,0.6537225634178905,41.20961281708945
2019,funk,749,0.5881794392523365,0.6927228304405874,0.6655380507343124,33.489986648865155
2019,garage,781,0.5036704225352113,0.6954153649167735,0.4966247119078105,27.450704225352112
2019,german,751,0.3729523302263648,0.6157321171770972,0.571811051930759,36.39147802929428
2019,gospel,924,0.42084004329004326,0.5973330086580086,0.5109954545454546,24.498917748917748
2019,goth,840,0.39071666666666666,0.7687379761904762,0.47270666666666666,14.567857142857143
2019,grindcore,778,0.2071082262210797,0.9235668380462725,0.2767875321336761,2.11439588688946
2019,groove,440,0.4535368181818182,0.7634288636363636,0.6859272727272727,21.21590909090909
2019,guitar,537,0.34342104283054004,0.25670409683426443,0.5033145251396648,18.78584729981378
2019,hard-rock,636,0.42664182389937105,0.8566792452830188,0.42993081761006285,22.82389937106918
2019,hardcore,718,0.36887158774373263,0.8790306406685237,0.4335774373259053,30.168523676880223
2019,hardstyle,800,0.267196875,0.8936675,0.49161375,21.29125
2019,heavy-metal,769,0.3739146944083225,0.8862470741222367,0.4182834850455137,6.4044213263979195
2019,hip-hop,827,0.4877798065296252,0.6361390568319226,0.7525731559854898,55.26239419588875
2019,house,117,0.4407059829059829,0.732025641025641,0.7152136752136753,46.93162393162393
2019,indian,885,0.39651796610169493,0.5615058757062147,0.5819090395480226,16.594350282485877
2019,indie-pop,486,0.44781625514403295,0.5234526748971193,0.594238683127572,50.68518518518518
2019,industrial,806,0.33879491315136473,0.7924287841191067,0.5007660049627791,15.573200992555831
2019,jazz,801,0.470305368289638,0.3496765043695381,0.6136851435705368,35.30212234706617
2019,k-pop,888,0.5310788288288288,0.6991509009009009,0.6460844594594594,43.208333333333336
2019,metal,438,0.327036301369863,0.8855536529680366,0.4382214611872146,42.490867579908674
2019,metalcore,245,0.302129387755102,0.9113102040816325,0.45017551020408164,27.824489795918367
2019,minimal-techno,804,0.26729228855721393,0.7465373134328358,0.7054179104477611,15.394278606965175
2019,new-age,896,0.17292388392857141,0.24083916294642857,0.36318124999999996,10.564732142857142
2019,opera,675,0.23338296296296296,0.28074583703703704,0.33133362962962964,9.84
2019,party,492,0.6498544715447155,0.8160461382113822,0.6894512195121951,13.90650406504065
2019,piano,774,0.25883565891472865,0.15225923901808786,0.4440797157622739,31.011627906976745
2019,pop,318,0.46514339622641515,0.5577553459119496,0.6316352201257862,65.4245283018868
2019,pop-film,791,0.5616901390644753,0.6213213653603034,0.5975979772439949,25.189633375474084
2019,power-pop,708,0.5663281073446328,0.7807217514124294,0.45965451977401134,7.570621468926554
2019,progressive-house,607,0.2971578253706754,0.8249472817133443,0.6157331136738056,29.2833607907743
2019,psych-rock,605,0.4187485950413223,0.5822611570247934,0.4534923966942149,20.689256198347106
2019,punk,408,0.5122732843137254,0.8018161764705883,0.5104117647058823,35.52205882352941
2019,punk-rock,357,0.4724770308123249,0.7810840336134454,0.47342296918767507,21.899159663865547
2019,rock,185,0.4925443243243243,0.696881081081081,0.5553891891891892,51.79459459459459
2019,rock-n-roll,825,0.6337547878787879,0.5553534545454546,0.5160363636363636,9.957575757575757
2019,romance,210,0.37153857142857144,0.36622714285714286,0.42046666666666666,1.5904761904761904
2019,sad,582,0.5950570446735395,0.5849766323024055,0.6868865979381443,41.38659793814433
2019,salsa,865,0.8078208092485549,0.7487225433526011,0.6913768786127168,18.215028901734104
2019,samba,802,0.6727054862842893,0.5911945137157107,0.6033104738154613,13.58354114713217
2019,sertanejo,807,0.6292329615861214,0.7282205700123916,0.6219182156133829,31.726146220570012
2019,show-tunes,661,0.3320213313161876,0.4123671709531014,0.44403918305597584,18.594553706505295
2019,singer-songwriter,776,0.4012296391752577,0.4267057989690721,0.5381095360824742,31.314432989690722
2019,ska,732,0.6318404371584699,0.8275040983606556,0.5282453551912568,16.118852459016395
2019,sleep,895,0.054286139553072627,0.4407349469273743,0.189471843575419,25.26368715083799
2019,songwriter,1,0.239,0.496,0.485,14.0
2019,soul,491,0.46516150712830956,0.5379146639511202,0.6454765784114053,43.34419551934827
2019,spanish,875,0.5076273142857143,0.6916801714285714,0.5883264,31.69142857142857
2019,swedish,564,0.41389663120567377,0.6726601790780141,0.5857175531914893,30.31560283687943
2019,tango,683,0.6283390922401171,0.34265607613469984,0.56500439238653,2.329428989751098
2019,techno,462,0.2623625541125541,0.7796357142857143,0.6623896103896104,25.9025974025974
2019,trance,488,0.27361762295081965,0.8681331967213115,0.5574754098360656,23.62704918032787
2019,trip-hop,613,0.4249398042414355,0.6260029363784666,0.618252854812398,9.492659053833606
