year,feature,count,mean,std,se,ci_low,ci_high
2010,valence,46868,0.4586707622471623,0.269154316100662,0.0012432633686315835,0.4562339660446444,0.4611075584496802
2011,valence,46444,0.4661066251830161,0.2707208379921168,0.0012561944707492937,0.46364448402034747,0.46856876634568473
2012,valence,54797,0.45278523258572545,0.2699347748483534,0.0011531357742461286,0.45052508646820305,0.45504537870324785
2013,valence,53216,0.4503932503852225,0.26854830931107293,0.0011641295375992757,0.4481115564915279,0.4526749442789171
2014,valence,53179,0.4450618703059478,0.26765649253070484,0.0011606671670632402,0.44278696265850387,0.4473367779533917
2015,valence,51607,0.4315613340632085,0.26572374022727135,0.0011697042018660147,0.4292687138275511,0.4338539542988659
2016,valence,40273,0.4101100811958384,0.25835252472803394,0.001287376920281401,0.4075868224320869,0.41263333995958995
2017,valence,56241,0.4294681776106399,0.263802018425395,0.001112375966402472,0.427287920716491,0.43164843450478874
2018,valence,56572,0.42704355773881075,0.261000768539391,0.0010973395186860732,0.424892772282186,0.4291943431954355
2019,valence,55793,0.4266733675353539,0.26074083867885905,0.001103873229076911,0.42450977600636314,0.42883695906434466
2010,energy,46868,0.6547006951523427,0.2660923680474788,0.0012291197802755578,0.6522916203830027,0.6571097699216828
2011,energy,46444,0.6589139894668848,0.26647410414895695,0.001236488844791248,0.656490471331094,0.6613375076026757
2012,energy,54797,0.6558369027355512,0.2656068242628891,0.001134647179539974,0.6536129942636528,0.6580608112074495
2013,energy,53216,0.6516009621673933,0.2680367272386009,0.0011619118814799774,0.6493236148796925,0.6538783094550941
2014,energy,53179,0.6531232640515994,0.2671697496791687,0.0011585564525379202,0.650852493404625,0.6553940346985737
2015,energy,51607,0.6468541604666033,0.26690867329386797,0.0011749202250400926,0.6445513168255247,0.6491570041076818
2016,energy,40273,0.6552471825640007,0.2658647015841925,0.0013248102804386949,0.6526505544143408,0.6578438107136606
2017,energy,56241,0.6414109841788019,0.26610816932052095,0.0011221003303248849,0.6392116675313652,0.6436103008262387
2018,energy,56572,0.6397522446139433,0.26957273117310643,0.0011333790805744,0.6375308216160175,0.6419736676118691
2019,energy,55793,0.6478218773286971,0.26798463054217836,0.0011345405689360572,0.6455981778135824,0.6500455768438118
2010,danceability,46868,0.5315134377400358,0.18564772133671015,0.0008575341267109188,0.5298326708516824,0.5331942046283892
2011,danceability,46444,0.5374988373094479,0.1828362736501729,0.0008483939312364275,0.5358359852042245,0.5391616894146714
2012,danceability,54797,0.5316560121904484,0.1826747151068764,0.0007803690693735152,0.5301264888144763,0.5331855355664206
2013,danceability,53216,0.5329436598015634,0.18101551883425232,0.0007846838164030937,0.5314056795214134,0.5344816400817135
2014,danceability,53179,0.5345967017055605,0.18153532757510246,0.0007872108477036861,0.5330537684440613,0.5361396349670597
2015,danceability,51607,0.532678097932451,0.1813963945108074,0.0007984989398431649,0.5311130400103584,0.5342431558545436
2016,danceability,40273,0.5414959600725051,0.18535096312135357,0.0009236083615809438,0.5396856876838064,0.5433062324612038
2017,danceability,56241,0.5453234117458793,0.18458077362468556,0.0007783231442489598,0.5437978983831513,0.5468489251086073
2018,danceability,56572,0.5488507565580145,0.18377253459990886,0.0007726447159298247,0.5473363729147921,0.550365140201237
2019,danceability,55793,0.5517055705912928,0.18403989793887104,0.0007791518867782132,0.5501784328932074,0.5532327082893781
2010,popularity,46868,14.855999829307843,13.433167106472796,0.06204977438273104,14.73438227151769,14.977617387097995
2011,popularity,46444,15.884893635345792,13.681699895453484,0.06348560342303729,15.760461852636638,16.009325418054946
2012,popularity,54797,16.35985546654014,13.896960172820323,0.0593664967307584,16.24349713294785,16.476213800132427
2013,popularity,53216,17.511838544798557,14.273715562730551,0.06187510150591726,17.39056334584696,17.633113743750155
2014,popularity,53179,18.807687244965116,14.498453852661621,0.06287117940184259,18.684459733337505,18.930914756592728
2015,popularity,51607,20.115139419071056,15.108055452791413,0.06650499473641382,19.984789629387684,20.245489208754428
2016,popularity,40273,22.319519280907805,15.248908551292931,0.07598568254396484,22.170587343121635,22.468451218693975
2017,popularity,56241,23.095268576305543,15.975922913126983,0.06736579498419132,22.96323161813653,23.227305534474556
2018,popularity,56572,24.161245846001556,16.237580863077067,0.06826853142474947,24.027439524409047,24.295052167594065
2019,popularity,55793,25.633627874464537,16.250751668758255,0.06879923302545417,25.498781377734648,25.768474371194426
